{"cameraMode":{"drawMode":0,"name":"Shaded","section":"Shading Mode"},"sceneLighting":true,"audioPlay":false,"sceneViewState":{"showFog":true,"showMaterialUpdate":false,"showSkybox":true,"showFlares":true,"showImageEffects":true,"showParticleSystems":true},"in2DMode":false,"pivot":{"x":145.75,"y":0.07109355926513672,"z":-14.868331909179688},"rotation":{"x":0.056362178176641467,"y":-0.6765729188919067,"z":0.052075281739234927,"w":0.7323665022850037},"size":91.24872589111328,"orthographic":true}