{"cameraMode":{"drawMode":0,"name":"Shaded","section":"Shading Mode"},"sceneLighting":false,"audioPlay":false,"sceneViewState":{"showFog":true,"showMaterialUpdate":false,"showSkybox":true,"showFlares":true,"showImageEffects":true,"showParticleSystems":true},"in2DMode":false,"pivot":{"x":0.00874646008014679,"y":0.002870466560125351,"z":0.00022858846932649612},"rotation":{"x":0.019524408504366876,"y":-0.9774038791656494,"z":0.1827218234539032,"w":0.10446667671203613},"size":0.168459951877594,"orthographic":true}