{"cameraMode":{"drawMode":0,"name":"Shaded","section":"Shading Mode"},"sceneLighting":false,"audioPlay":false,"sceneViewState":{"showFog":true,"showMaterialUpdate":false,"showSkybox":true,"showFlares":true,"showImageEffects":true,"showParticleSystems":true},"in2DMode":false,"pivot":{"x":0.011170942336320877,"y":0.004248380661010742,"z":0.0017775781452655793},"rotation":{"x":0.019524408504366876,"y":-0.9774038791656494,"z":0.1827218234539032,"w":0.10446667671203613},"size":0.5181233286857605,"orthographic":true}