{"cameraMode":{"drawMode":0,"name":"Shaded","section":"Shading Mode"},"sceneLighting":false,"audioPlay":false,"sceneViewState":{"showFog":true,"showMaterialUpdate":false,"showSkybox":true,"showFlares":true,"showImageEffects":true,"showParticleSystems":true},"in2DMode":false,"pivot":{"x":0.13779473304748536,"y":-0.004259586334228516,"z":-0.0007419586181640625},"rotation":{"x":0.05377272889018059,"y":-0.8544982671737671,"z":0.09032318741083145,"w":0.5087071657180786},"size":9.879539489746094,"orthographic":true}