{"cameraMode":{"drawMode":0,"name":"Shaded","section":"Shading Mode"},"sceneLighting":false,"audioPlay":false,"sceneViewState":{"showFog":true,"showMaterialUpdate":false,"showSkybox":true,"showFlares":true,"showImageEffects":true,"showParticleSystems":true},"in2DMode":false,"pivot":{"x":0.013696640729904175,"y":0.07266248762607575,"z":-0.000664934515953064},"rotation":{"x":0.410984605550766,"y":-0.5307053327560425,"z":0.32817313075065615,"w":0.6646397709846497},"size":0.8577382564544678,"orthographic":true}