{"cameraMode":{"drawMode":0,"name":"Shaded","section":"Shading Mode"},"sceneLighting":false,"audioPlay":false,"sceneViewState":{"showFog":true,"showMaterialUpdate":false,"showSkybox":true,"showFlares":true,"showImageEffects":true,"showParticleSystems":true},"in2DMode":false,"pivot":{"x":0.0013197064399719239,"y":-0.23817585408687592,"z":0.3250783681869507},"rotation":{"x":0.056362178176641467,"y":-0.6765729188919067,"z":0.052075281739234927,"w":0.7323665022850037},"size":2.59920334815979,"orthographic":true}