{"cameraMode":{"drawMode":0,"name":"Shaded","section":"Shading Mode"},"sceneLighting":false,"audioPlay":false,"sceneViewState":{"showFog":true,"showMaterialUpdate":false,"showSkybox":true,"showFlares":true,"showImageEffects":true,"showParticleSystems":true},"in2DMode":false,"pivot":{"x":-0.00457841157913208,"y":0.02834884636104107,"z":0.0077486708760261539},"rotation":{"x":0.019524408504366876,"y":-0.9774038791656494,"z":0.1827218234539032,"w":0.10446667671203613},"size":0.4319692552089691,"orthographic":true}