{"cameraMode":{"drawMode":0,"name":"Shaded","section":"Shading Mode"},"sceneLighting":false,"audioPlay":false,"sceneViewState":{"showFog":true,"showMaterialUpdate":false,"showSkybox":true,"showFlares":true,"showImageEffects":true,"showParticleSystems":true},"in2DMode":false,"pivot":{"x":0.05727827548980713,"y":0.013965263962745667,"z":0.0023915134370326998},"rotation":{"x":0.410984605550766,"y":-0.5307053327560425,"z":0.32817313075065615,"w":0.6646397709846497},"size":0.9214444756507874,"orthographic":true}