{"cameraMode":{"drawMode":0,"name":"Shaded","section":"Shading Mode"},"sceneLighting":false,"audioPlay":false,"sceneViewState":{"showFog":true,"showMaterialUpdate":false,"showSkybox":true,"showFlares":true,"showImageEffects":true,"showParticleSystems":true},"in2DMode":false,"pivot":{"x":0.023255839943885804,"y":-0.0037861764430999758,"z":0.000013433396816253662},"rotation":{"x":0.019524408504366876,"y":-0.9774038791656494,"z":0.1827218234539032,"w":0.10446667671203613},"size":0.5646117329597473,"orthographic":true}