{"cameraMode":{"drawMode":0,"name":"Shaded","section":"Shading Mode"},"sceneLighting":false,"audioPlay":false,"sceneViewState":{"showFog":true,"showMaterialUpdate":false,"showSkybox":true,"showFlares":true,"showImageEffects":true,"showParticleSystems":true},"in2DMode":false,"pivot":{"x":0.014927886426448822,"y":0.004477739334106445,"z":0.00008720718324184418},"rotation":{"x":0.410984605550766,"y":-0.5307053327560425,"z":0.32817313075065615,"w":0.6646397709846497},"size":0.28897228837013247,"orthographic":true}