{"cameraMode":{"drawMode":0,"name":"Shaded","section":"Shading Mode"},"sceneLighting":false,"audioPlay":false,"sceneViewState":{"showFog":true,"showMaterialUpdate":false,"showSkybox":true,"showFlares":true,"showImageEffects":true,"showParticleSystems":true},"in2DMode":false,"pivot":{"x":0.016744285821914674,"y":0.005966931581497192,"z":-0.0029762238264083864},"rotation":{"x":0.410984605550766,"y":-0.5307053327560425,"z":0.32817313075065615,"w":0.6646397709846497},"size":1.1839605569839478,"orthographic":true}