{"cameraMode":{"drawMode":0,"name":"Shaded","section":"Shading Mode"},"sceneLighting":false,"audioPlay":false,"sceneViewState":{"showFog":true,"showMaterialUpdate":false,"showSkybox":true,"showFlares":true,"showImageEffects":true,"showParticleSystems":true},"in2DMode":false,"pivot":{"x":0.022606492042541505,"y":0.025086119771003724,"z":-0.005373150110244751},"rotation":{"x":0.410984605550766,"y":-0.5307053327560425,"z":0.32817313075065615,"w":0.6646397709846497},"size":1.9815737009048463,"orthographic":true}