{"cameraMode":{"drawMode":0,"name":"Shaded","section":"Shading Mode"},"sceneLighting":false,"audioPlay":false,"sceneViewState":{"showFog":true,"showMaterialUpdate":false,"showSkybox":true,"showFlares":true,"showImageEffects":true,"showParticleSystems":true},"in2DMode":false,"pivot":{"x":-0.009081937372684479,"y":0.007855847477912903,"z":-0.00045374780893325806},"rotation":{"x":0.019524408504366876,"y":-0.9774038791656494,"z":0.1827218234539032,"w":0.10446667671203613},"size":0.261569619178772,"orthographic":true}