{"cameraMode":{"drawMode":0,"name":"Shaded","section":"Shading Mode"},"sceneLighting":true,"audioPlay":false,"sceneViewState":{"showFog":true,"showMaterialUpdate":false,"showSkybox":true,"showFlares":true,"showImageEffects":true,"showParticleSystems":true},"in2DMode":false,"pivot":{"x":282.426513671875,"y":24.868093490600587,"z":0.976722002029419},"rotation":{"x":0.2470480501651764,"y":0.7388741970062256,"z":-0.35174527764320376,"w":0.518948495388031},"size":0.6123334169387817,"orthographic":false}