{"cameraMode":{"drawMode":0,"name":"Shaded","section":"Shading Mode"},"sceneLighting":true,"audioPlay":false,"sceneViewState":{"showFog":true,"showMaterialUpdate":false,"showSkybox":true,"showFlares":true,"showImageEffects":true,"showParticleSystems":true},"in2DMode":false,"pivot":{"x":276.6422119140625,"y":19.211151123046876,"z":0.218680739402771},"rotation":{"x":-0.05965040624141693,"y":0.9392448663711548,"z":-0.2613585889339447,"w":-0.21436557173728944},"size":49.06364059448242,"orthographic":false}