{"cameraMode":{"drawMode":0,"name":"Shaded","section":"Shading Mode"},"sceneLighting":true,"audioPlay":false,"sceneViewState":{"showFog":true,"showMaterialUpdate":false,"showSkybox":true,"showFlares":true,"showImageEffects":true,"showParticleSystems":true},"in2DMode":false,"pivot":{"x":257.3266906738281,"y":2.371103286743164,"z":-3.461541175842285},"rotation":{"x":0.1730969101190567,"y":-0.14129512012004853,"z":0.025100870057940484,"w":0.9743937253952026},"size":10.707762718200684,"orthographic":false}