{"cameraMode":{"drawMode":0,"name":"Shaded","section":"Shading Mode"},"sceneLighting":true,"audioPlay":false,"sceneViewState":{"showFog":true,"showMaterialUpdate":false,"showSkybox":true,"showFlares":true,"showImageEffects":true,"showParticleSystems":true},"in2DMode":false,"pivot":{"x":-175.2285919189453,"y":1.927138328552246,"z":-7.026235580444336},"rotation":{"x":-0.13088692724704743,"y":0.4295459985733032,"z":-0.06307993084192276,"w":-0.8912798762321472},"size":45.59695816040039,"orthographic":false}