{"cameraMode":{"drawMode":0,"name":"Shaded","section":"Shading Mode"},"sceneLighting":true,"audioPlay":false,"sceneViewState":{"showFog":true,"showMaterialUpdate":false,"showSkybox":true,"showFlares":true,"showImageEffects":true,"showParticleSystems":true},"in2DMode":false,"pivot":{"x":197.6999969482422,"y":0.0,"z":-64.4000015258789},"rotation":{"x":0.053459733724594119,"y":0.9436148405075073,"z":-0.26604601740837099,"w":0.18961207568645478},"size":114.80433654785156,"orthographic":false}